[
  { "type": "image", "path": "/pictures/aa72.png" },
  { "type": "image", "path": "/pictures/aierli.png" },
  { "type": "image", "path": "/pictures/aierweila.png" },
  { "type": "image", "path": "/pictures/aierweila2.png" },
  { "type": "image", "path": "/pictures/ailina.png" },
  { "type": "image", "path": "/pictures/ailinuo.png" },
  { "type": "image", "path": "/pictures/aimeilisi.png" },
  { "type": "image", "path": "/pictures/aimeilisi2.png" },
  { "type": "image", "path": "/pictures/aimi.png" },
  { "type": "image", "path": "/pictures/aimi2.png" },
  { "type": "image", "path": "/pictures/aisidaier.png" },
  { "type": "image", "path": "/pictures/aiyisha.png" },
  { "type": "image", "path": "/pictures/ajiasha.png" },
  { "type": "image", "path": "/pictures/alabeier.png" },
  { "type": "image", "path": "/pictures/alefu.png" },
  { "type": "image", "path": "/pictures/andelasi.png" },
  { "type": "image", "path": "/pictures/anji.png" },
  { "type": "image", "path": "/pictures/anna.png" },
  { "type": "image", "path": "/pictures/aodier.png" },
  { "type": "image", "path": "/pictures/aoerka.png" },
  { "type": "image", "path": "/pictures/aolali.png" },
  { "type": "image", "path": "/pictures/baimeng.png" },
  { "type": "image", "path": "/pictures/baishou.png" },
  { "type": "image", "path": "/pictures/baixue.png" },
  { "type": "image", "path": "/pictures/bali.png" },
  { "type": "image", "path": "/pictures/baolong.png" },
  { "type": "image", "path": "/pictures/beisi.png" },
  { "type": "image", "path": "/pictures/bianka.png" },
  { "type": "image", "path": "/pictures/bishenbahe.png" },
  { "type": "image", "path": "/pictures/bobi.png" },
  { "type": "image", "path": "/pictures/bopu.png" },
  { "type": "image", "path": "/pictures/bulaide.png" },
  { "type": "image", "path": "/pictures/chixue.png" },
  { "type": "image", "path": "/pictures/dabin.png" },
  { "type": "image", "path": "/pictures/dafenqi.png" },
  { "type": "image", "path": "/pictures/daixi.png" },
  { "type": "image", "path": "/pictures/dayi.png" },
  { "type": "image", "path": "/pictures/diniya.png" },
  { "type": "image", "path": "/pictures/doaerfu.png" },
  { "type": "image", "path": "/pictures/dongtai.png" },
  { "type": "image", "path": "/pictures/feilun.png" },
  { "type": "image", "path": "/pictures/fengkuangxiongmaotuan.png" },
  { "type": "image", "path": "/pictures/fk.png" },
  { "type": "image", "path": "/pictures/fulilian.png" },
  { "type": "image", "path": "/pictures/gaoli.png" },
  { "type": "image", "path": "/pictures/haierfu.png" },
  { "type": "image", "path": "/pictures/hana.png" },
  { "type": "image", "path": "/pictures/hekatei.png" },
  { "type": "image", "path": "/pictures/jiabailie.png" },
  { "type": "image", "path": "/pictures/jialan.png" },
  { "type": "image", "path": "/pictures/jiejie.png" },
  { "type": "image", "path": "/pictures/jieluoshi.png" },
  { "type": "image", "path": "/pictures/jierwasi.png" },
  { "type": "image", "path": "/pictures/jierwasi2.png" },
  { "type": "image", "path": "/pictures/jieyi.png" },
  { "type": "image", "path": "/pictures/jimengli.png" },
  { "type": "image", "path": "/pictures/jin.png" },
  { "type": "image", "path": "/pictures/kaili.png" },
  { "type": "image", "path": "/pictures/kaiselin.png" },
  { "type": "image", "path": "/pictures/kaite.png" },
  { "type": "image", "path": "/pictures/kaiyi.png" },
  { "type": "image", "path": "/pictures/kaluoer.png" },
  { "type": "image", "path": "/pictures/kamaier.png" },
  { "type": "image", "path": "/pictures/kanger.png" },
  { "type": "image", "path": "/pictures/kangna.png" },
  { "type": "image", "path": "/pictures/karuina.png" },
  { "type": "image", "path": "/pictures/karuina2.png" },
  { "type": "image", "path": "/pictures/keke.png" },
  { "type": "image", "path": "/pictures/keke2.png" },
  { "type": "image", "path": "/pictures/kelala.png" },
  { "type": "image", "path": "/pictures/kelaode.png" },
  { "type": "image", "path": "/pictures/keleige.png" },
  { "type": "image", "path": "/pictures/keleige2.png" },
  { "type": "image", "path": "/pictures/keluomu.png" },
  { "type": "image", "path": "/pictures/keluonie.png" },
  { "type": "image", "path": "/pictures/keluosaier.png" },
  { "type": "image", "path": "/pictures/labi.png" },
  { "type": "image", "path": "/pictures/labisi.png" },
  { "type": "image", "path": "/pictures/landi.png" },
  { "type": "image", "path": "/pictures/laner.png" },
  { "type": "image", "path": "/pictures/lanfang.png" },
  { "type": "image", "path": "/pictures/leina.png" },
  { "type": "image", "path": "/pictures/leiyi.png" },
  { "type": "image", "path": "/pictures/liao.png" },
  { "type": "image", "path": "/pictures/lilisi.png" },
  { "type": "image", "path": "/pictures/limulu.png" },
  { "type": "image", "path": "/pictures/lin.png" },
  { "type": "image", "path": "/pictures/lina.png" },
  { "type": "image", "path": "/pictures/linda.png" },
  { "type": "image", "path": "/pictures/lisha.png" },
  { "type": "image", "path": "/pictures/liya.png" },
  { "type": "image", "path": "/pictures/liye.png" },
  { "type": "image", "path": "/pictures/liye2.png" },
  { "type": "image", "path": "/pictures/lu.png" },
  { "type": "image", "path": "/pictures/luli.png" },
  { "type": "image", "path": "/pictures/luolanyin.png" },
  { "type": "image", "path": "/pictures/luolanyin2.png" },
  { "type": "image", "path": "/pictures/luoqi.png" },
  { "type": "image", "path": "/pictures/luosaita.png" },
  { "type": "image", "path": "/pictures/madiershi.png" },
  { "type": "image", "path": "/pictures/malian.png" },
  { "type": "image", "path": "/pictures/malina.png" },
  { "type": "image", "path": "/pictures/maliya.png" },
  { "type": "image", "path": "/pictures/mamu.png" },
  { "type": "image", "path": "/pictures/maxiu.png" },
  { "type": "image", "path": "/pictures/meier.png" },
  { "type": "image", "path": "/pictures/meier2.png" },
  { "type": "image", "path": "/pictures/meilier.png" },
  { "type": "image", "path": "/pictures/meina.png" },
  { "type": "image", "path": "/pictures/meiya.png" },
  { "type": "image", "path": "/pictures/mike.png" },
  { "type": "image", "path": "/pictures/milimunawa.png" },
  { "type": "image", "path": "/pictures/mk2.png" },
  { "type": "image", "path": "/pictures/mk99.png" },
  { "type": "image", "path": "/pictures/molian.png" },
  { "type": "image", "path": "/pictures/naili.png" },
  { "type": "image", "path": "/pictures/naiqishi.png" },
  { "type": "image", "path": "/pictures/puliteweicai.png" },
  { "type": "image", "path": "/pictures/pulixila.png" },
  { "type": "image", "path": "/pictures/qianlv.png" },
  { "type": "image", "path": "/pictures/qiaoyi.png" },
  { "type": "image", "path": "/pictures/qingye.png" },
  { "type": "image", "path": "/pictures/ruipina.png" },
  { "type": "image", "path": "/pictures/ruiqiu.png" },
  { "type": "image", "path": "/pictures/ruiqiu2.png" },
  { "type": "image", "path": "/pictures/shaya.png" },
  { "type": "image", "path": "/pictures/suofei.png" },
  { "type": "image", "path": "/pictures/suofei2.png" },
  { "type": "image", "path": "/pictures/taohua.png" },
  { "type": "image", "path": "/pictures/tasha.png" },
  { "type": "image", "path": "/pictures/tuojia.png" },
  { "type": "image", "path": "/pictures/walunxiya.png" },
  { "type": "image", "path": "/pictures/weilaigongzhu.png" },
  { "type": "image", "path": "/pictures/weiluonika.png" },
  { "type": "image", "path": "/pictures/weiniete.png" },
  { "type": "image", "path": "/pictures/xiaoman.png" },
  { "type": "image", "path": "/pictures/xiapila.png" },
  { "type": "image", "path": "/pictures/xiapila2.png" },
  { "type": "image", "path": "/pictures/xintila.png" },
  { "type": "image", "path": "/pictures/xiutaerke.png" },
  { "type": "image", "path": "/pictures/xiya.png" },
  { "type": "image", "path": "/pictures/yala.png" },
  { "type": "image", "path": "/pictures/yinhe.png" },
  { "type": "image", "path": "/pictures/yiwa.png" },
  { "type": "image", "path": "/pictures/yiwa2.png" },
  { "type": "image", "path": "/pictures/youjin.png" },
  { "type": "image", "path": "/pictures/youzi.png" },
  { "type": "image", "path": "/pictures/youzi2.png" },
  { "type": "image", "path": "/pictures/yun.png" },
  { "type": "image", "path": "/pictures/yuna.png" },
  { "type": "image", "path": "/pictures/yunling.png" },
  { "type": "image", "path": "/pictures/zao.png" },
  { "type": "image", "path": "/pictures/zhucai.png" },
  { "type": "image", "path": "/pictures/aermada.png" },
  { "type": "image", "path": "/pictures/aima.png" },
  { "type": "image", "path": "/pictures/anmojing.png" },
  { "type": "image", "path": "/pictures/aobolun.png" },
  { "type": "image", "path": "/pictures/balumengge.png" },
  { "type": "image", "path": "/pictures/baohuzhidun.png" },
  { "type": "image", "path": "/pictures/bayinhe.png" },
  { "type": "image", "path": "/pictures/chenmo.png" },
  { "type": "image", "path": "/pictures/citiaosuodinglingshi.png" },
  { "type": "image", "path": "/pictures/bingxue.png" },
  { "type": "image", "path": "/pictures/chongpojingu.png" },
  { "type": "image", "path": "/pictures/citiaoxilianlingshi.png" },
  { "type": "image", "path": "/pictures/chaofantupochui.png" },
  { "type": "image", "path": "/pictures/chuanshuojuexingshi.png" },
  { "type": "image", "path": "/pictures/cunqianguan.png" },
  { "type": "image", "path": "/pictures/cunyu.png" },
  { "type": "image", "path": "/pictures/dadi.png" },
  { "type": "image", "path": "/pictures/daodangui.png" },
  { "type": "image", "path": "/pictures/dulandeer.png" },
  { "type": "image", "path": "/pictures/fangzhenchana.png" },
  { "type": "image", "path": "/pictures/feilongdun.png" },
  { "type": "image", "path": "/pictures/fuguang.png" },
  { "type": "image", "path": "/pictures/haiyangerhuan.png" },
  { "type": "image", "path": "/pictures/haiyangshouhuzhe.png" },
  { "type": "image", "path": "/pictures/guangmojing.png" },
  { "type": "image", "path": "/pictures/hangmumoxing.png" },
  { "type": "image", "path": "/pictures/heimanba.png" },
  { "type": "image", "path": "/pictures/heiwangguan.png" },
  { "type": "image", "path": "/pictures/heliesi.png" },
  { "type": "image", "path": "/pictures/honglian.png" },
  { "type": "image", "path": "/pictures/huangjinhuaibiao.png" },
  { "type": "image", "path": "/pictures/huaniaofengyue.png" },
  { "type": "image", "path": "/pictures/huanxiangqu.png" },
  { "type": "image", "path": "/pictures/huomojing.png" },
  { "type": "image", "path": "/pictures/huoshanjijiao.png" },
  { "type": "image", "path": "/pictures/jiandingdejueyi.png" },
  { "type": "image", "path": "/pictures/jiefangzhe.png" },
  { "type": "image", "path": "/pictures/jingdun.png" },
  { "type": "image", "path": "/pictures/jiekefuluosite.png" },
  { "type": "image", "path": "/pictures/jingyan.png" },
  { "type": "image", "path": "/pictures/jinbi.png" },
  { "type": "image", "path": "/pictures/jujijing.png" },
  { "type": "image", "path": "/pictures/kafeiyanmoji.png" },
  { "type": "image", "path": "/pictures/liangzihuimiezhe.png" },
  { "type": "image", "path": "/pictures/lieshizhe.png" },
  { "type": "image", "path": "/pictures/langt.png" },
  { "type": "image", "path": "/pictures/lanmeigui.png" },
  { "type": "image", "path": "/pictures/libeila.png" },
  { "type": "image", "path": "/pictures/libeila1.png" },
  { "type": "image", "path": "/pictures/lietouzhe.png" },
  { "type": "image", "path": "/pictures/meilierzuodian.png" },
  { "type": "image", "path": "/pictures/longquanjian.png" },
  { "type": "image", "path": "/pictures/meilier.png" },
  { "type": "image", "path": "/pictures/mingjingzhishui.png" },
  { "type": "image", "path": "/pictures/misaiya.png" },
  { "type": "image", "path": "/pictures/motuochegongzai.png" },
  { "type": "image", "path": "/pictures/mofashuijing.png" },
  { "type": "image", "path": "/pictures/mojingdun.png" },
  { "type": "image", "path": "/pictures/namilizijiasuqi.png" },
  { "type": "image", "path": "/pictures/nianfengshisui.png" },
  { "type": "image", "path": "/pictures/nieruiyidesi.png" },
  { "type": "image", "path": "/pictures/ntrdun.png" },
  { "type": "image", "path": "/pictures/ntrxianglian.png" },
  { "type": "image", "path": "/pictures/nvshenshuijingqiu.png" },
  { "type": "image", "path": "/pictures/ougemashouban.png" },
  { "type": "image", "path": "/pictures/nvwangdeyouya.png" },
  { "type": "image", "path": "/pictures/nvwuzhixin.png" },
  { "type": "image", "path": "/pictures/oumijiachongjiqiang.png" },
  { "type": "image", "path": "/pictures/puluominuosi.png" },
  { "type": "image", "path": "/pictures/qianbianwanhua.png" },
  { "type": "image", "path": "/pictures/pinuo.png" },
  { "type": "image", "path": "/pictures/qianghuaji.png" },
  { "type": "image", "path": "/pictures/qianleigong.png" },
  { "type": "image", "path": "/pictures/shalanjiashengong.png" },
  { "type": "image", "path": "/pictures/shanshen.png" },
  { "type": "image", "path": "/pictures/shayuyaoshikou.png" },
  { "type": "image", "path": "/pictures/shengmusong.png" },
  { "type": "image", "path": "/pictures/shenqiangshou.png" },
  { "type": "image", "path": "/pictures/shenqijiguangbaofeng.png" },
  { "type": "image", "path": "/pictures/shenshengshiyue.png" },
  { "type": "image", "path": "/pictures/shishitupochui.png" },
  { "type": "image", "path": "/pictures/shuangzi.png" },
  { "type": "image", "path": "/pictures/shuimojing.png" },
  { "type": "image", "path": "/pictures/shushuzuodian.png" },
  { "type": "image", "path": "/pictures/taitandiaoxiang.png" },
  { "type": "image", "path": "/pictures/tianshizhiyin.png" },
  { "type": "image", "path": "/pictures/tiliyao.png" },
  { "type": "image", "path": "/pictures/tumojing.png" },
  { "type": "image", "path": "/pictures/wanboxibi.png" },
  { "type": "image", "path": "/pictures/wubianjuewang.png" },
  { "type": "image", "path": "/pictures/wuqing.png" },
  { "type": "image", "path": "/pictures/wuxie.png" },
  { "type": "image", "path": "/pictures/xianyu.png" },
  { "type": "image", "path": "/pictures/xiaogongzhugongzai.png" },
  { "type": "image", "path": "/pictures/xiaomianshenzuodian.png" },
  { "type": "image", "path": "/pictures/xingpian.png" },
  { "type": "image", "path": "/pictures/xinlingquan.png" },
  { "type": "image", "path": "/pictures/xiongmaojiangbei.png" },
  { "type": "image", "path": "/pictures/xiongmaoxiongzhen.png" },
  { "type": "image", "path": "/pictures/xumojing.png" },
  { "type": "image", "path": "/pictures/xundao.png" },
  { "type": "image", "path": "/pictures/yamaluoke.png" },
  { "type": "image", "path": "/pictures/yanzhao.png" },
  { "type": "image", "path": "/pictures/yaosai.png" },
  { "type": "image", "path": "/pictures/yingxiongshuijing.png" },
  { "type": "image", "path": "/pictures/yiwayingyuanbang.png" },
  { "type": "image", "path": "/pictures/yonghengjiban.png" },
  { "type": "image", "path": "/pictures/yongzhezhixin.png" },
  { "type": "image", "path": "/pictures/youzizhaopianji.png" },
  { "type": "image", "path": "/pictures/yuzhouhuimiezhe.png" },
  { "type": "image", "path": "/pictures/zanmeishi.png" },
  { "type": "image", "path": "/pictures/zhanlanyumao.png" },
  { "type": "image", "path": "/pictures/zhenlizhiyin.png" },
  { "type": "image", "path": "/pictures/zhuangyangongming.png" },
  { "type": "image", "path": "/pictures/zuanshi.png" }
]